{
    "modelo": "Lasso",
    "escenario": "completo",
    "ajustado": "Sí",
    "anio_corte": 2021,
    "rmse_train": 0.21036742965471575,
    "mae_train": 0.15041766042043195,
    "r2_train": 0.42979930169976976,
    "rmse_test": 0.28797885969026854,
    "mae_test": 0.21242274971345426,
    "r2_test": 0.2818924007470257
}