{
    "modelo": "Ridge",
    "escenario": "completo",
    "ajustado": "Sí",
    "anio_corte": 2021,
    "rmse_train": 0.2087170583974832,
    "mae_train": 0.15060240566958763,
    "r2_train": 0.4387108667418975,
    "rmse_test": 0.289403565815468,
    "mae_test": 0.2131733529610937,
    "r2_test": 0.2747694956295702
}