{
    "modelo": "Ridge",
    "escenario": "completo",
    "ajustado": "Sí",
    "anio_corte": 2021,
    "rmse_train": 0.20862532501351042,
    "mae_train": 0.1504540461963866,
    "r2_train": 0.43920414349659265,
    "rmse_test": 0.28940469404020347,
    "mae_test": 0.21317430897331635,
    "r2_test": 0.27476384107181395
}